City_ID,City,Country,Max Temp,Current Description,Lat,Lng,Hotel Name
2,Kloulklubed,PW,84.43,broken clouds,7.04,134.26,Storyboard Beach Resort
10,Hilo,US,81.1,scattered clouds,19.73,-155.09,Hilo Hawaiian Hotel
14,Vaini,TO,75.63,moderate rain,-21.2,-175.2,Keleti Beach Resort
15,Olinda,BR,77.77,clear sky,-8.01,-34.86,Hotel 5 Sóis
19,Kapaa,US,82.38,few clouds,22.08,-159.32,Sheraton Kauai Coconut Beach Resort
30,Kavaratti,IN,80.42,overcast clouds,10.57,72.64,Dharul Hudha
34,Atuona,PF,78.06,clear sky,-9.8,-139.03,Villa Enata
37,Kiunga,PG,83.75,moderate rain,-6.12,141.29,Airport Lodge Kiunga
39,Senador Jose Porfirio,BR,75.22,broken clouds,-2.59,-51.95,MORADA DO SOL pousada
50,Touros,BR,78.57,few clouds,-5.2,-35.46,INN NEW HORIZON
54,Bathsheba,BB,79.41,scattered clouds,13.22,-59.52,Atlantis Hotel
60,Caravelas,BR,76.46,broken clouds,-17.71,-39.25,Pousada dos Navegantes
63,San Pedro,PH,85.32,overcast clouds,14.35,121.02,Palines Apartment and Guesthouse
64,Neiafu,TO,78.26,moderate rain,-18.65,-173.98,Mystic Sands Beachfront Accommodation
69,Hithadhoo,MV,80.82,light rain,-0.6,73.08,Scoop Guest House
73,Port Blair,IN,75.24,mist,11.67,92.75,"Welcomhotel By ITC Hotels, Bay Island, Port Blair"
75,Coahuayana,MX,77.92,scattered clouds,18.73,-103.68,El rranchito michuacan de ocampos
76,Georgetown,MY,80.24,few clouds,5.41,100.34,Cititel Penang
78,Santa Isabel Do Rio Negro,BR,81.97,overcast clouds,-0.41,-65.02,Hotel GSA
82,Alofi,NU,76.66,broken clouds,-19.06,-169.92,Taloa Heights
88,Manado,ID,84.97,few clouds,1.49,124.85,Aryaduta Hotel
89,Porto Novo,BJ,77.56,light rain,6.5,2.6,Tour Eiffel Hotel Benin
92,Daru,PG,84.85,overcast clouds,-9.08,143.21,Daru Lodge
93,Avarua,CK,77.05,few clouds,-21.21,-159.78,Paradise Inn
94,Sao Felix Do Xingu,BR,77.79,broken clouds,-6.64,-51.99,Aparte Hotel Rio Xingu
96,Oeiras,BR,87.57,broken clouds,-7.03,-42.13,Hotel SESC Oeiras
100,Kulhudhuffushi,MV,81.14,overcast clouds,6.62,73.07,Haajy Guest House 1
102,Fare,PF,75.83,light rain,-16.7,-151.02,Maitai Lapita Village Huahine
103,Tagusao,PH,81.7,overcast clouds,9.19,117.81,Caycay future beach resort
108,Moranbah,AU,83.01,overcast clouds,-22.0,148.05,Property Vine - Monterey Moranbah
111,Charlestown,AU,80.11,broken clouds,-32.95,151.67,Panorama Motor Inn Hotel
117,Pucallpa,PE,86.04,scattered clouds,-8.38,-74.55,Hotel Sol de Oriente - Pucallpa
118,Dingle,PH,81.09,broken clouds,11.0,122.67,SEGAYA PROPERTY
119,Kokoda,PG,87.85,moderate rain,-8.88,147.74,Daito Guest House
121,Cockburn Town,TC,80.71,scattered clouds,21.46,-71.14,Osprey Beach Hotel
123,Alugan,PH,83.1,overcast clouds,12.22,125.48,JM Lodge
124,Labuhan,ID,81.23,overcast clouds,-6.88,112.21,DoubleFAG
126,Itoman,JP,75.22,scattered clouds,26.12,127.67,Southern Beach Hotel & Resort Okinawa
129,Butaritari,KI,80.31,overcast clouds,3.07,172.79,Isles Sunset Lodge
132,Victoria,HK,76.17,broken clouds,22.29,114.16,Mini Central
133,Sao Filipe,CV,76.64,broken clouds,14.9,-24.5,Hotel Xaguate
137,Nicoya,CR,75.51,overcast clouds,10.15,-85.45,Las Cabinas Del Sueño
139,Biak,ID,81.54,overcast clouds,-0.91,122.88,Penginapan Kim
144,Namatanai,PG,85.91,broken clouds,-3.67,152.43,Seagulls Inn Namatani
145,Padang,ID,75.25,moderate rain,-0.95,100.35,Mercure Padang
161,Jaciara,BR,76.89,scattered clouds,-15.97,-54.97,Taba Hotel
166,Kahului,US,84.22,few clouds,20.89,-156.47,Maui Seaside Hotel
168,Tabuk,PH,78.24,broken clouds,17.42,121.44,Golden Berries Hotel and Convention
170,Pemangkat,ID,78.3,overcast clouds,1.17,108.97,Ramah Kost KITA
182,Cuyamel,HN,80.76,light rain,15.67,-88.2,Hotel Ulloa
195,Bourail,NC,79.68,few clouds,-21.57,165.48,Nekweta
201,Mozarlandia,BR,82.49,broken clouds,-14.74,-50.57,Hotel Santa Mônica
203,Isangel,VU,84.31,scattered clouds,-19.55,169.27,Tanna Lodge
204,Iracoubo,GF,79.05,broken clouds,5.48,-53.2,Le Gîte d’Iracoubo
206,Xiaolan,CN,75.09,few clouds,22.67,113.23,Crowne Plaza Zhongshan
221,Angoche,MZ,75.11,scattered clouds,-16.23,39.91,Guest House HESADA
223,Maragogi,BR,76.69,scattered clouds,-9.01,-35.22,Salinas do Maragogi All Inclusive Resort
224,Khartoum,SD,76.01,clear sky,15.55,32.53,Hotel China
228,Rosa Zarate,EC,75.96,broken clouds,0.33,-79.47,Piscinas y Recepciones Hecalash
232,Bac Lieu,VN,79.77,overcast clouds,9.29,105.72,Khách sạn Sài Gòn Bạc Liêu
234,Acarau,BR,79.74,few clouds,-2.89,-40.12,castelo pizzaria
238,Makakilo City,US,82.72,clear sky,21.35,-158.09,Marriott's Ko Olina Beach Club
242,Lhokseumawe,ID,75.65,overcast clouds,5.18,97.15,OYO 3278 Penginapan Alfajri
244,Winneba,GH,77.58,broken clouds,5.35,-0.62,Windy Lodge & Beach Resort
245,Ariquemes,BR,79.66,broken clouds,-9.91,-63.04,Hotel Sol Nascente - Ariquemes - RO
246,Kalawit,PH,82.15,broken clouds,8.07,122.52,Ompoy Pension House
253,Flinders,AU,78.06,scattered clouds,-34.58,150.86,Shellharbour Resort & Conference Centre
259,Mogadishu,SO,78.31,clear sky,2.04,45.34,Hotel Juba
261,Balsas,BR,80.04,broken clouds,-7.53,-46.04,Novo Hotel
268,Manzanillo,CU,77.81,scattered clouds,20.34,-77.12,Adrian & Tonia
278,Sao Gabriel Da Cachoeira,BR,76.1,overcast clouds,-0.13,-67.09,Alarne - Área De Lazer Do Alto Rio Negro
290,Portobelo,PA,76.05,overcast clouds,9.55,-79.65,Scuba Portobelo
292,Salalah,OM,75.29,clear sky,17.02,54.09,"HAMDAN PLAZA HOTEL SALALAH, an HTG Hotel"
293,San Policarpo,PH,82.9,broken clouds,12.18,125.51,Agapita M. Nicart
295,Nampula,MZ,75.15,clear sky,-15.12,39.27,Tacab Residencial
299,Kavieng,PG,85.68,overcast clouds,-2.57,150.8,Nusa Island Retreat
307,Mahajanga,MG,77.02,thunderstorm,-15.72,46.32,Hôtel Restaurant Gourmand Coco Lodge Majunga
309,Lorengau,PG,81.46,overcast clouds,-2.02,147.27,Lorengau Harbourside Hotel
311,Vanimo,PG,82.42,overcast clouds,-2.67,141.3,Vahmoneh Lodge Vanimo
312,Nacala,MZ,75.43,scattered clouds,-14.54,40.67,Nacala Plaza Business Design Hotel
317,Nabire,ID,77.45,light rain,-3.37,135.48,Hotel Nusantara I
325,Kismayo,SO,76.48,moderate rain,-0.36,42.55,Agan-Hotel
329,Ketou,BJ,75.24,broken clouds,7.36,2.6,Residences Celine Hotel Ketou
333,Choix,MX,76.59,clear sky,26.71,-108.32,Hotel Montesclaros
338,Coro,VE,78.66,overcast clouds,11.4,-69.67,Federal
342,Bontang,ID,79.74,overcast clouds,0.13,117.5,Okra Leaf Guest House Syariah
347,Atar,MR,77.92,clear sky,20.52,-13.05,Oumou Elghoura
349,Non Thai,TH,78.98,overcast clouds,15.2,102.04,ครัวพี่หนุ่ม สงต่อน
350,Mount Isa,AU,80.37,overcast clouds,-20.73,139.5,ibis Styles Mt Isa Verona
354,Guiratinga,BR,76.46,broken clouds,-16.35,-53.76,Hotel Angra do Cerrado - Guiratinga MT
359,Dakar,SN,78.93,clear sky,14.69,-17.44,Novotel Dakar
362,Champerico,GT,82.94,scattered clouds,14.3,-91.92,"Hotel y restaurante ""El Diamante"""
363,Mahibadhoo,MV,80.71,moderate rain,3.78,72.97,Omadhoo Inn
364,Isabela,PH,86.05,overcast clouds,6.71,121.97,Isawad Resort
366,Alta Floresta,BR,81.59,overcast clouds,-9.88,-56.09,Floresta Amazonica Hotel
368,Harper,LR,77.68,moderate rain,4.38,-7.72,Screensaver
371,Sawtell,AU,85.19,overcast clouds,-30.38,153.1,The Bungalow Sawtell
374,Praya,CV,75.74,few clouds,14.92,-23.51,LT Aparthotel
379,Taxisco,GT,79.88,broken clouds,14.07,-90.46,HOSTAL LAS MARIAS
385,Qui Nhon,VN,76.15,broken clouds,13.77,109.23,Seagull Hotel
387,Soe,ID,75.97,overcast clouds,-9.86,124.28,Dena Hotel
388,Cabedelo,BR,79.47,few clouds,-6.98,-34.83,Pousada Camboinha
391,Palauig,PH,83.64,broken clouds,15.44,119.9,Villa Raphael Resort
400,Canjulao,PH,81.27,overcast clouds,9.66,124.35,Dine & Sign and IDEA Pension House
401,Hambantota,LK,76.32,overcast clouds,6.12,81.12,Bungalow 63
405,Karratha,AU,81.05,light rain,-20.74,116.85,ibis Styles Karratha
411,Sola,VU,81.27,overcast clouds,-13.88,167.55,Ulkel Guest House
414,Katiola,CI,77.63,moderate rain,8.13,-5.1,Hôtel le Prestige du Bas fond
415,Iturama,BR,79.79,overcast clouds,-19.73,-50.2,Hotel Oliveira
428,Kunnamangalam,IN,75.83,overcast clouds,11.3,75.88,HOTEL MONAD
430,Voh,NC,83.37,clear sky,-20.97,164.7,Le gîte du Koniambo
431,Chake Chake,TZ,75.49,few clouds,-5.25,39.77,Pemba Sea View Hotel
432,Kirakira,SB,84.96,overcast clouds,-10.45,161.92,SanBiz Lodge
435,Kaffrine,SN,80.62,overcast clouds,14.11,-15.55,Beuleup counda motel
436,Cabo San Lucas,MX,79.9,scattered clouds,22.89,-109.91,Hotel Tesoro Los Cabos
449,Tarauaca,BR,78.64,overcast clouds,-8.16,-70.77,Flat Temporada
453,Coolum Beach,AU,80.33,broken clouds,-26.53,153.1,Coolum Beach Resort
466,Jardim,BR,77.7,heavy intensity rain,-21.48,-56.14,Estancia Hotel - Jardim MS
468,Beira,MZ,80.69,few clouds,-19.84,34.84,Beira Terrace Hotel
469,Byron Bay,AU,80.56,overcast clouds,-28.65,153.62,Backpackers Inn
471,Buala,SB,85.42,overcast clouds,-8.14,159.59,Maringe Lagoon Lodge
474,Dunmore Town,BS,80.29,scattered clouds,25.5,-76.65,Coral Sands Hotel
475,Charters Towers,AU,85.33,overcast clouds,-20.1,146.27,Cattleman's Rest Motor Inn
480,Sinnamary,GF,78.17,overcast clouds,5.38,-52.95,ALETHEIA Appartement Sinnamary
489,Dovers,VC,80.19,clear sky,12.88,-61.18,Ocean Breeze
493,Axim,GH,77.34,broken clouds,4.87,-2.24,Axim Beach Resort And Spa
495,Banda Aceh,ID,76.06,overcast clouds,5.56,95.32,OYO 884 Rumoh PMI Hotel
504,Baculin,PH,83.55,overcast clouds,7.45,126.58,Baculin Cove Beach Resort
511,Isla Mujeres,MX,78.85,clear sky,21.23,-86.73,Hotel La Joya Isla Mujeres
514,Sorong,ID,82.33,overcast clouds,-0.88,131.25,Waigo Splash Hotel
517,Kendari,ID,80.85,overcast clouds,-3.94,122.5,Hotel Wixel
518,Denpasar,ID,80.26,scattered clouds,-8.65,115.22,Warna Kedaton Hotel and Meetings
520,Cayenne,GF,78.84,broken clouds,4.93,-52.33,Hôtel Le Dronmi
522,West Bay,KY,82.0,broken clouds,19.37,-81.42,Calypso Cove
530,Mazagao,BR,82.45,overcast clouds,-0.12,-51.29,Casa Lima Santos
542,Sao Miguel Do Araguaia,BR,78.62,scattered clouds,-13.28,-50.16,Hotel Executivo Palace
548,Pagudpud,PH,82.51,broken clouds,18.56,120.79,Saud Beach Resort and Hotel - 2
550,Bubaque,GW,82.67,few clouds,11.28,-15.83,"Casa Dora, Bubaque"
551,Acapulco,MX,82.22,scattered clouds,16.86,-99.89,HS Hotsson Smart Acapulco
552,Puerto Colombia,CO,78.89,overcast clouds,10.99,-74.95,Hotel El Emigrante
556,Nelson Bay,AU,80.65,overcast clouds,-32.72,152.15,Mantra Nelson Bay
559,Champasak,LA,76.08,broken clouds,14.75,106.0,Kiat Ngong wetland BUNGALOW
563,Sao Domingos,BR,77.05,broken clouds,-13.4,-46.32,Hotel e Restaurante Uirapuru (Márcio uirapuru )Em São Domingos -Go
568,Labrea,BR,81.68,overcast clouds,-7.26,-64.8,Hotel Novo Horizonte
571,Dicabisagan,PH,79.27,overcast clouds,17.08,122.42,Nancy Montanes Bernardo
574,Chirongui,YT,78.73,clear sky,-12.93,45.15,La Villa Mahatsara
575,Morondava,MG,78.89,scattered clouds,-20.28,44.28,La Case Bambou
576,Tiarei,PF,78.82,light rain,-17.53,-149.33,Le Rocher de Tahiti
577,Ahuimanu,US,83.91,scattered clouds,21.44,-157.84,Paradise Bay Resort
585,Salinopolis,BR,79.25,overcast clouds,-0.61,-47.36,Salinas Park Resort Maçarico AP101
599,Mecca,SA,78.24,clear sky,21.43,39.83,"Makkah Clock Royal Tower, A Fairmont Hotel"
610,Mayumba,GA,76.5,overcast clouds,-3.43,10.66,LIKWALE LODGE
611,Port Macquarie,AU,80.89,overcast clouds,-31.43,152.92,Rydges Port Macquarie
612,Cartagena Del Chaira,CO,79.57,overcast clouds,1.33,-74.84,HOTEL LA ROCA
618,Quang Ngai,VN,77.02,broken clouds,15.12,108.8,Central Hotel
622,Muli,MV,79.56,moderate rain,2.92,73.57,Medhufushi Island Resort
630,Itarema,BR,79.65,few clouds,-2.92,-39.92,"Sea Lounge! Bar, Club & Restaurant"
632,Umm Lajj,SA,78.48,clear sky,25.02,37.27,Moon light Furnished Units
634,Itaituba,BR,80.71,broken clouds,-4.28,-55.98,Hotel Campos
636,Jacareacanga,BR,85.69,scattered clouds,-6.22,-57.75,Casa do Ian😎
637,Samarai,PG,83.71,overcast clouds,-10.62,150.67,Nuli Sapi
638,Maceio,BR,76.44,broken clouds,-9.67,-35.74,Mercure Maceio Pajucara
650,Trinidad,BO,81.28,overcast clouds,-14.83,-64.9,Hotel Piesta
654,Barra Do Garcas,BR,78.39,broken clouds,-15.89,-52.26,Pousada Tropical
667,Bambanglipuro,ID,78.08,overcast clouds,-7.95,110.28,Puri Brata
682,Innisfail,AU,83.39,clear sky,-17.53,146.03,Moondarra Motel
686,San Rafael Del Sur,NI,76.17,broken clouds,11.85,-86.44,Hospedaje El Chino
