City_ID,City,Country,Lat,Lng,Max Temp,Humidity,Cloudiness,Wind Speed,Current Description
0,Rikitea,PF,-23.12,-134.97,74.88,86,72,16.71,broken clouds
1,Carnarvon,AU,-24.87,113.63,73.47,29,0,11.18,clear sky
2,Kloulklubed,PW,7.04,134.26,84.43,76,77,12.66,broken clouds
3,Matagami,CA,49.75,-77.63,21.31,93,100,5.75,overcast clouds
4,Albany,US,42.60,-73.97,38.95,76,40,1.01,scattered clouds
5,Almaznyy,RU,48.04,40.05,41.02,68,73,15.28,broken clouds
6,Oranjemund,NA,-28.55,16.43,59.86,84,9,11.68,clear sky
7,Stromness,GB,58.97,-3.30,51.87,92,72,17.0,broken clouds
8,Margate,GB,51.38,1.39,54.9,92,8,4.0,clear sky
9,Nikolskoye,RU,59.70,30.79,34.81,85,63,4.14,broken clouds
10,Hilo,US,19.73,-155.09,81.1,72,40,9.22,scattered clouds
11,San Angelo,US,31.46,-100.44,53.82,43,0,8.99,clear sky
12,Lagoa,PT,39.05,-27.98,63.97,85,100,28.01,overcast clouds
13,Arraial Do Cabo,BR,-22.97,-42.03,73.81,93,92,9.62,overcast clouds
14,Vaini,TO,-21.20,-175.20,75.63,89,100,23.55,moderate rain
15,Olinda,BR,-8.01,-34.86,77.77,83,5,9.26,clear sky
16,Severo-Kurilsk,RU,50.68,156.12,31.35,91,100,34.58,snow
17,Camana,PE,-16.62,-72.71,65.08,83,12,6.6,few clouds
18,Gimli,CA,50.63,-96.99,18.41,81,81,3.85,broken clouds
19,Kapaa,US,22.08,-159.32,82.38,70,20,16.11,few clouds
20,Mar Del Plata,AR,-38.00,-57.56,64.94,98,100,9.22,mist
21,Coihaique,CL,-45.58,-72.07,57.15,58,75,0.0,broken clouds
22,Cape Town,ZA,-33.93,18.42,62.91,78,16,11.99,few clouds
23,Kutum,SD,14.20,24.67,62.22,27,0,7.58,clear sky
24,Okhotsk,RU,59.38,143.30,7.52,78,71,11.14,broken clouds
25,Henties Bay,NA,-22.12,14.28,57.69,94,3,5.73,clear sky
26,Medzev,SK,48.70,20.89,42.66,82,6,0.76,clear sky
27,New Norfolk,AU,-42.78,147.06,56.91,99,100,1.63,light rain
28,Yumen,CN,40.28,97.20,27.3,47,0,5.53,clear sky
29,Yamada,JP,39.47,141.95,49.08,56,32,10.98,scattered clouds
30,Kavaratti,IN,10.57,72.64,80.42,78,99,5.61,overcast clouds
31,Lagos,NG,6.58,3.75,76.62,92,90,3.36,overcast clouds
32,Mezen,RU,65.85,44.24,27.27,70,27,8.95,scattered clouds
33,Qaanaaq,GL,77.48,-69.36,-2.29,96,98,4.09,overcast clouds
34,Atuona,PF,-9.80,-139.03,78.06,76,3,15.88,clear sky
35,Vila Franca Do Campo,PT,37.72,-25.43,63.01,79,100,11.59,overcast clouds
36,Antofagasta,CL,-23.65,-70.40,61.88,75,10,6.17,clear sky
37,Kiunga,PG,-6.12,141.29,83.75,75,97,1.48,moderate rain
38,Bredasdorp,ZA,-34.53,20.04,56.93,89,14,2.08,few clouds
39,Senador Jose Porfirio,BR,-2.59,-51.95,75.22,94,82,3.87,broken clouds
40,Barrow,US,71.29,-156.79,21.22,58,100,6.91,overcast clouds
41,Nan,TH,18.83,100.67,68.32,88,17,1.86,few clouds
42,Chokurdakh,RU,70.63,147.92,-19.28,97,97,7.16,overcast clouds
43,Oksfjord,NO,70.24,22.35,39.38,95,99,8.5,overcast clouds
44,Hobart,AU,-42.88,147.33,57.25,95,75,12.66,light rain
45,Punta Arenas,CL,-53.15,-70.92,55.51,54,75,3.44,broken clouds
46,Norman Wells,CA,65.28,-126.83,15.67,90,38,4.41,scattered clouds
47,Busselton,AU,-33.65,115.33,58.03,55,0,11.95,clear sky
48,Saint-Joseph,RE,-21.37,55.62,70.18,84,76,12.33,light rain
49,Faanui,PF,-16.48,-151.75,72.91,81,100,7.76,light rain
50,Touros,BR,-5.20,-35.46,78.57,80,13,10.29,few clouds
51,Jamestown,US,42.10,-79.24,35.19,76,100,11.5,overcast clouds
52,Thompson,CA,55.74,-97.86,3.54,98,9,3.38,clear sky
53,Namibe,AO,-15.20,12.15,65.8,74,7,8.75,clear sky
54,Bathsheba,BB,13.22,-59.52,79.41,89,40,18.41,scattered clouds
55,Kodiak,US,57.79,-152.41,42.31,70,75,4.61,broken clouds
56,Comodoro Rivadavia,AR,-45.87,-67.50,55.26,82,20,2.3,few clouds
57,Moron,AR,-34.65,-58.62,66.99,97,100,7.47,moderate rain
58,Huangmei,CN,30.19,116.03,54.1,62,93,4.52,overcast clouds
59,Luza,RU,60.63,47.25,24.75,76,100,15.48,overcast clouds
60,Caravelas,BR,-17.71,-39.25,76.46,86,84,10.29,broken clouds
61,San Roque,ES,36.21,-5.38,59.83,88,75,6.91,mist
62,Airai,TL,-8.93,125.41,70.02,64,100,1.61,overcast clouds
63,San Pedro,PH,14.35,121.02,85.32,76,95,12.41,overcast clouds
64,Neiafu,TO,-18.65,-173.98,78.26,83,98,18.37,moderate rain
65,Dunedin,NZ,-45.87,170.50,55.8,75,99,10.0,overcast clouds
66,Shu,KZ,43.60,73.76,39.2,51,90,7.31,overcast clouds
67,Karaton,ID,-6.34,106.10,74.66,96,100,3.58,overcast clouds
68,Taketa,JP,32.97,131.38,54.79,76,16,4.14,few clouds
69,Hithadhoo,MV,-0.60,73.08,80.82,77,100,14.34,light rain
70,Nantucket,US,41.28,-70.10,51.91,77,75,21.85,broken clouds
71,Bluff,NZ,-46.60,168.33,58.8,71,21,11.01,few clouds
72,Luderitz,NA,-26.65,15.16,60.53,74,0,12.62,clear sky
73,Port Blair,IN,11.67,92.75,75.24,94,40,2.3,mist
74,Ilulissat,GL,69.22,-51.10,33.82,69,67,8.05,broken clouds
75,Coahuayana,MX,18.73,-103.68,77.92,85,39,3.22,scattered clouds
76,Georgetown,MY,5.41,100.34,80.24,92,20,0.0,few clouds
77,Leningradskiy,RU,69.38,178.42,-12.59,98,80,5.53,broken clouds
78,Santa Isabel Do Rio Negro,BR,-0.41,-65.02,81.97,72,99,1.77,overcast clouds
79,Southbridge,US,42.08,-72.03,44.92,83,54,1.01,broken clouds
80,Ushuaia,AR,-54.80,-68.30,55.06,50,20,1.14,few clouds
81,Barwala,IN,29.38,75.92,65.28,27,23,5.7,few clouds
82,Alofi,NU,-19.06,-169.92,76.66,76,66,20.47,broken clouds
83,Dikson,RU,73.51,80.55,3.31,97,100,9.17,overcast clouds
84,Surt,LY,31.21,16.59,66.63,62,3,9.33,clear sky
85,Hermanus,ZA,-34.42,19.23,52.81,86,10,7.74,clear sky
86,Puerto Ayora,EC,-0.74,-90.35,69.55,85,25,5.01,scattered clouds
87,Srednekolymsk,RU,67.45,153.68,-19.44,93,97,4.79,overcast clouds
88,Manado,ID,1.49,124.85,84.97,79,20,2.3,few clouds
89,Porto Novo,BJ,6.50,2.60,77.56,87,85,2.08,light rain
90,Ponta Do Sol,PT,32.67,-17.10,68.72,82,59,2.98,broken clouds
91,Lebu,CL,-37.62,-73.65,54.25,90,30,6.96,scattered clouds
92,Daru,PG,-9.08,143.21,84.85,68,92,11.25,overcast clouds
93,Avarua,CK,-21.21,-159.78,77.05,57,20,13.8,few clouds
94,Sao Felix Do Xingu,BR,-6.64,-51.99,77.79,70,52,1.12,broken clouds
95,Port Alfred,ZA,-33.59,26.89,60.48,87,10,9.64,clear sky
96,Oeiras,BR,-7.03,-42.13,87.57,41,83,2.1,broken clouds
97,Provideniya,RU,64.38,-173.30,17.71,49,0,4.47,clear sky
98,Mataura,NZ,-46.19,168.86,58.48,47,32,3.96,scattered clouds
99,Beyneu,KZ,45.32,55.20,44.31,84,90,22.77,overcast clouds
100,Kulhudhuffushi,MV,6.62,73.07,81.14,70,99,6.71,overcast clouds
101,East London,ZA,-33.02,27.91,61.43,76,3,8.63,clear sky
102,Fare,PF,-16.70,-151.02,75.83,71,100,7.85,light rain
103,Tagusao,PH,9.19,117.81,81.7,73,86,2.19,overcast clouds
104,Mahebourg,MU,-20.41,57.70,71.26,77,14,3.85,light rain
105,Torbay,CA,47.67,-52.73,36.28,88,100,6.53,overcast clouds
106,Chuy,UY,-33.70,-53.46,66.49,98,100,9.46,moderate rain
107,Seoul,KR,37.57,126.98,49.44,70,100,4.81,overcast clouds
108,Moranbah,AU,-22.00,148.05,83.01,38,99,7.0,overcast clouds
109,Torquay,GB,50.46,-3.51,57.2,97,90,4.0,overcast clouds
110,Laguna,US,38.42,-121.42,63.05,34,0,9.22,clear sky
111,Charlestown,AU,-32.95,151.67,80.11,60,83,4.0,broken clouds
112,Clyde River,CA,70.47,-68.59,-2.99,92,99,8.72,overcast clouds
113,Warrnambool,AU,-38.38,142.48,55.8,87,100,20.98,overcast clouds
114,Estepona,ES,36.43,-5.15,62.58,71,91,5.06,overcast clouds
115,Sonari,IN,27.07,95.03,60.85,92,0,1.97,clear sky
116,Tombouctou,ML,20.00,-3.00,77.85,17,91,8.3,overcast clouds
117,Pucallpa,PE,-8.38,-74.55,86.04,70,40,0.0,scattered clouds
118,Dingle,PH,11.00,122.67,81.09,85,83,10.94,broken clouds
119,Kokoda,PG,-8.88,147.74,87.85,61,95,4.47,moderate rain
120,Payson,US,40.04,-111.73,38.41,64,0,19.57,clear sky
121,Cockburn Town,TC,21.46,-71.14,80.71,75,31,10.11,scattered clouds
122,Hualmay,PE,-11.10,-77.61,64.17,84,60,8.81,broken clouds
123,Alugan,PH,12.22,125.48,83.1,78,99,11.61,overcast clouds
124,Labuhan,ID,-6.88,112.21,81.23,80,100,5.39,overcast clouds
125,Tuktoyaktuk,CA,69.45,-133.04,11.44,97,87,6.69,overcast clouds
126,Itoman,JP,26.12,127.67,75.22,72,40,17.27,scattered clouds
127,Aromashevo,RU,56.86,68.64,32.99,99,100,10.69,light snow
128,Bilibino,RU,68.05,166.44,-0.71,95,100,1.97,overcast clouds
129,Butaritari,KI,3.07,172.79,80.31,73,91,12.35,overcast clouds
130,Yulara,AU,-25.24,130.99,69.19,38,0,15.66,clear sky
131,San Quintin,MX,30.48,-115.95,61.18,63,3,15.97,clear sky
132,Victoria,HK,22.29,114.16,76.17,79,56,15.99,broken clouds
133,Sao Filipe,CV,14.90,-24.50,76.64,73,53,9.1,broken clouds
134,Saint George,US,37.10,-113.58,48.25,45,0,11.01,clear sky
135,Upernavik,GL,72.79,-56.15,19.47,83,81,12.01,broken clouds
136,Winnemucca,US,40.97,-117.74,41.05,48,0,4.61,clear sky
137,Nicoya,CR,10.15,-85.45,75.51,91,95,4.9,overcast clouds
138,Pita,GN,10.83,-12.58,75.54,72,85,0.63,overcast clouds
139,Biak,ID,-0.91,122.88,81.54,74,91,2.19,overcast clouds
140,Kimberley,ZA,-28.73,24.76,60.1,51,0,12.53,clear sky
141,George,ZA,-33.96,22.46,51.35,87,0,4.61,clear sky
142,Verkhnyaya Toyma,RU,62.23,45.00,25.86,77,99,11.77,overcast clouds
143,Bad Sooden-Allendorf,DE,51.28,9.98,40.32,94,3,3.0,clear sky
144,Namatanai,PG,-3.67,152.43,85.91,63,68,11.39,broken clouds
145,Padang,ID,-0.95,100.35,75.25,97,100,3.24,moderate rain
146,Katsuura,JP,35.13,140.30,60.01,59,46,22.35,scattered clouds
147,Dneprovskaya,RU,45.62,38.81,45.79,95,33,8.97,scattered clouds
148,Saldanha,ZA,-33.01,17.94,55.45,84,18,13.04,few clouds
149,Zamora,EC,-4.07,-78.96,70.88,80,88,4.5,light rain
150,Pisco,PE,-13.70,-76.22,66.25,77,100,13.8,overcast clouds
151,Mount Gambier,AU,-37.83,140.77,53.51,94,100,20.71,overcast clouds
152,Yellowknife,CA,62.46,-114.35,21.72,93,75,11.5,light snow
153,Carrollton,US,32.95,-96.89,49.82,51,75,8.05,broken clouds
154,Te Anau,NZ,-45.42,167.72,68.32,51,38,5.35,scattered clouds
155,Calatayud,ES,41.35,-1.64,47.55,73,38,5.28,scattered clouds
156,Guerrero Negro,MX,27.98,-114.06,64.22,61,1,18.25,clear sky
157,Dandong,CN,40.13,124.39,35.13,52,96,2.59,overcast clouds
158,Olovyannaya,RU,50.95,115.57,4.19,96,13,3.06,few clouds
159,Fort Nelson,CA,58.81,-122.70,26.94,82,20,4.61,few clouds
160,Kem,RU,64.96,34.58,29.86,82,12,8.88,few clouds
161,Jaciara,BR,-15.97,-54.97,76.89,63,36,3.44,scattered clouds
162,Alcaniz,ES,41.05,-0.13,56.5,67,12,4.14,few clouds
163,Grants,US,35.15,-107.85,48.43,25,0,12.66,clear sky
164,Lipari,IT,38.47,14.95,65.32,66,99,8.37,overcast clouds
165,Novyy Urengoy,RU,66.08,76.63,-10.08,87,97,9.71,overcast clouds
166,Kahului,US,20.89,-156.47,84.22,64,20,21.85,few clouds
167,Bekhtery,UA,46.25,32.29,45.79,89,18,7.54,few clouds
168,Tabuk,PH,17.42,121.44,78.24,86,59,1.59,broken clouds
169,Sooke,CA,48.37,-123.73,46.53,55,11,6.91,few clouds
170,Pemangkat,ID,1.17,108.97,78.3,87,100,3.0,overcast clouds
171,Mehamn,NO,71.04,27.85,33.75,93,75,4.61,broken clouds
172,Madingou,CG,-4.15,13.55,73.29,87,100,2.26,overcast clouds
173,Taltal,CL,-25.40,-70.48,64.44,60,19,4.5,few clouds
174,Batemans Bay,AU,-35.72,150.18,73.71,40,1,13.06,clear sky
175,Teknaf,BD,20.86,92.31,67.6,80,0,5.99,clear sky
176,Pacific Grove,US,36.62,-121.92,61.39,68,0,8.99,clear sky
177,Vangaindrano,MG,-23.35,47.60,72.09,89,100,5.66,light rain
178,Aksu,CN,41.12,80.26,35.1,50,45,2.08,scattered clouds
179,Linares,CL,-35.85,-71.60,56.43,67,32,5.23,scattered clouds
180,Bambous Virieux,MU,-20.34,57.76,71.22,88,75,5.75,broken clouds
181,Jinchang,CN,38.50,102.17,32.23,45,57,1.57,broken clouds
182,Cuyamel,HN,15.67,-88.20,80.76,82,29,3.76,light rain
183,Whitehorse,CA,60.72,-135.05,29.3,92,98,8.95,overcast clouds
184,Shenjiamen,CN,29.96,122.30,58.59,72,98,13.18,moderate rain
185,Geraldton,AU,-28.77,114.60,73.81,38,2,11.5,clear sky
186,Northam,GB,51.03,-4.22,57.38,94,98,13.98,overcast clouds
187,Ancud,CL,-41.87,-73.82,52.81,90,88,14.83,light rain
188,Coquimbo,CL,-29.95,-71.34,58.73,82,0,9.22,clear sky
189,Sabzevar,IR,36.21,57.68,40.28,65,75,9.22,broken clouds
190,Souillac,MU,-20.52,57.52,70.18,88,75,5.75,light rain
191,Nouakchott,MR,18.09,-15.98,71.53,56,6,14.23,clear sky
192,Bonavista,CA,48.65,-53.11,32.95,72,99,6.42,overcast clouds
193,Kinel-Cherkassy,RU,53.47,51.47,36.88,96,100,18.1,overcast clouds
194,Bardiyah,LY,31.76,25.09,63.93,64,1,6.13,clear sky
195,Bourail,NC,-21.57,165.48,79.68,65,22,8.5,few clouds
196,Bassar,TG,9.25,0.78,74.75,65,33,2.51,scattered clouds
197,Pevek,RU,69.70,170.31,-13.83,95,83,2.73,broken clouds
198,Lincoln,US,40.80,-96.67,38.17,54,75,10.36,broken clouds
199,Bengkulu,ID,-3.80,102.27,72.95,97,100,7.09,overcast clouds
200,Fortuna,US,40.60,-124.16,54.91,75,0,8.05,clear sky
201,Mozarlandia,BR,-14.74,-50.57,82.49,52,61,7.18,broken clouds
202,Shingu,JP,33.73,135.98,59.63,63,1,6.62,clear sky
203,Isangel,VU,-19.55,169.27,84.31,84,40,3.44,scattered clouds
204,Iracoubo,GF,5.48,-53.20,79.05,84,83,11.81,broken clouds
205,Port Lincoln,AU,-34.73,135.87,57.33,66,100,19.62,overcast clouds
206,Xiaolan,CN,22.67,113.23,75.09,66,13,3.96,few clouds
207,Saint-Philippe,RE,-21.36,55.77,71.19,83,91,12.62,light rain
208,Xenia,US,39.68,-83.93,35.31,86,100,4.61,overcast clouds
209,Alindao,CF,5.03,21.21,69.73,70,46,2.26,scattered clouds
210,Gamba,GA,-2.65,10.00,76.73,86,79,7.54,broken clouds
211,Ormond Beach,US,29.29,-81.06,66.22,80,100,11.5,overcast clouds
212,Husavik,IS,66.04,-17.34,44.8,94,100,14.85,overcast clouds
213,Abha,SA,18.22,42.51,57.02,82,3,0.0,clear sky
214,Xinpu,CN,34.60,119.16,46.99,53,94,3.42,overcast clouds
215,Balaghat,IN,21.80,80.18,58.53,63,2,3.6,clear sky
216,Narsaq,GL,60.92,-46.05,50.22,61,98,8.61,overcast clouds
217,Saint-Marc-Des-Carrieres,CA,46.68,-72.05,39.22,93,99,10.36,overcast clouds
218,Qaqortoq,GL,60.72,-46.03,34.0,69,94,1.79,overcast clouds
219,Hannibal,US,39.71,-91.36,33.35,64,0,0.0,clear sky
220,Estrela,BR,-28.06,-50.94,61.32,99,100,5.19,overcast clouds
221,Angoche,MZ,-16.23,39.91,75.11,84,30,6.69,scattered clouds
222,Chicama,PE,-7.84,-79.15,61.34,77,41,6.93,scattered clouds
223,Maragogi,BR,-9.01,-35.22,76.69,85,37,5.03,scattered clouds
224,Khartoum,SD,15.55,32.53,76.01,30,7,1.99,clear sky
225,Iqaluit,CA,63.75,-68.51,19.13,85,75,3.44,light snow
226,Estelle,US,29.85,-90.11,55.4,54,0,5.75,clear sky
227,Hasaki,JP,35.73,140.83,62.22,58,77,28.07,broken clouds
228,Rosa Zarate,EC,0.33,-79.47,75.96,74,67,6.64,broken clouds
229,Castro,BR,-24.79,-50.01,64.58,89,86,4.36,overcast clouds
230,Grindavik,IS,63.84,-22.43,44.55,93,100,8.05,overcast clouds
231,Latung,PH,5.50,120.88,81.73,77,98,4.07,overcast clouds
232,Bac Lieu,VN,9.29,105.72,79.77,88,97,14.2,overcast clouds
233,Benalla,AU,-36.55,145.98,60.85,83,70,15.48,broken clouds
234,Acarau,BR,-2.89,-40.12,79.74,81,14,17.0,few clouds
235,Honningsvag,NO,70.98,25.97,33.55,86,79,4.61,broken clouds
236,Bjornevatn,NO,69.67,29.98,28.74,100,100,3.44,fog
237,Praia Da Vitoria,PT,38.73,-27.07,64.76,88,40,14.76,scattered clouds
238,Makakilo City,US,21.35,-158.09,82.72,54,0,19.57,clear sky
239,San Patricio,US,28.02,-97.52,63.84,66,91,9.1,overcast clouds
240,Kosai,JP,34.71,137.53,59.94,56,9,15.97,clear sky
241,Man,CI,7.41,-7.55,70.77,98,85,2.01,light rain
242,Lhokseumawe,ID,5.18,97.15,75.65,89,100,2.44,overcast clouds
243,Khatanga,RU,71.97,102.50,-23.22,99,100,6.67,overcast clouds
244,Winneba,GH,5.35,-0.62,77.58,86,66,1.79,broken clouds
245,Ariquemes,BR,-9.91,-63.04,79.66,65,80,2.91,broken clouds
246,Kalawit,PH,8.07,122.52,82.15,82,82,6.55,broken clouds
247,Saint-Francois,FR,46.42,3.91,42.24,100,100,2.3,mist
248,Zatoka,UA,46.07,30.47,48.96,85,0,10.56,clear sky
249,Vestmannaeyjar,IS,63.44,-20.27,47.28,91,100,18.14,overcast clouds
250,Quatre Cocos,MU,-20.21,57.76,71.1,75,9,3.78,clear sky
251,Altay,CN,47.87,88.12,26.01,61,74,6.58,broken clouds
252,Cherskiy,RU,68.75,161.30,-6.39,98,100,3.27,overcast clouds
253,Flinders,AU,-34.58,150.86,78.06,51,32,11.01,scattered clouds
254,Durban,ZA,-29.86,31.03,68.02,75,94,3.0,overcast clouds
255,Marzuq,YE,14.40,46.47,61.99,53,0,0.31,clear sky
256,Kodino,RU,63.72,39.64,30.88,81,80,8.72,broken clouds
257,Nemuro,JP,43.32,145.57,42.35,68,85,33.82,overcast clouds
258,Mosquera,CO,4.71,-74.23,59.09,82,75,6.91,broken clouds
259,Mogadishu,SO,2.04,45.34,78.31,82,8,8.52,clear sky
260,Chernyshevskiy,RU,63.01,112.47,-30.19,98,8,3.0,clear sky
261,Balsas,BR,-7.53,-46.04,80.04,66,76,1.57,broken clouds
262,Dmitriyevka,RU,54.75,55.33,33.35,94,100,19.91,light snow
263,Alpena,US,45.06,-83.43,32.25,72,100,5.99,overcast clouds
264,Tuatapere,NZ,-46.13,167.68,67.23,54,75,4.85,broken clouds
265,Luau,AO,-10.71,22.22,63.19,99,91,4.05,overcast clouds
266,Benicarlo,ES,40.42,0.43,58.24,85,11,6.38,few clouds
267,Shumskiy,RU,54.83,99.13,31.33,80,100,5.39,overcast clouds
268,Manzanillo,CU,20.34,-77.12,77.81,81,32,6.35,scattered clouds
269,Parana,AR,-31.73,-60.52,66.56,83,49,15.52,scattered clouds
270,Lichinga,MZ,-13.31,35.24,68.09,56,0,8.05,clear sky
271,Rockport,US,28.02,-97.05,64.0,100,100,16.11,overcast clouds
272,Bokhan,RU,53.15,103.77,17.74,89,94,3.83,overcast clouds
273,Saint-Pierre,RE,-21.34,55.48,71.91,88,75,13.8,broken clouds
274,Port Shepstone,ZA,-30.74,30.45,67.68,70,83,13.71,broken clouds
275,Genhe,CN,50.78,121.52,1.13,100,100,0.96,overcast clouds
276,Longyearbyen,SJ,78.22,15.64,26.44,74,75,11.5,broken clouds
277,Bud,US,39.45,-86.18,35.67,63,15,2.3,few clouds
278,Sao Gabriel Da Cachoeira,BR,-0.13,-67.09,76.1,87,100,0.18,overcast clouds
279,Grimsby,GB,53.57,-0.08,52.09,100,100,3.44,fog
280,Kysyl-Syr,RU,63.90,122.76,-14.19,98,98,5.3,overcast clouds
281,Sisimiut,GL,66.94,-53.67,19.92,87,95,8.93,overcast clouds
282,Hami,CN,42.80,93.45,31.32,50,7,1.36,clear sky
283,Torres,BR,-29.34,-49.73,74.82,97,100,11.54,light rain
284,Oyama,JP,36.30,139.80,61.59,40,40,1.68,scattered clouds
285,Kaitangata,NZ,-46.28,169.85,59.74,64,50,12.55,scattered clouds
286,Ponta Pora,BR,-22.54,-55.73,68.11,95,70,2.64,heavy intensity rain
287,Jasper,US,37.20,-94.35,39.25,44,0,5.75,clear sky
288,Zarubino,RU,42.63,131.09,34.21,49,12,0.94,few clouds
289,San Cristobal,VE,7.77,-72.22,67.12,98,97,1.19,overcast clouds
290,Portobelo,PA,9.55,-79.65,76.05,88,100,2.77,overcast clouds
291,Sitka,US,57.05,-135.33,49.89,76,100,18.41,haze
292,Salalah,OM,17.02,54.09,75.29,78,0,3.44,clear sky
293,San Policarpo,PH,12.18,125.51,82.9,81,84,12.24,broken clouds
294,Nioro,GM,13.35,-15.75,76.39,49,99,5.41,overcast clouds
295,Nampula,MZ,-15.12,39.27,75.15,64,0,9.22,clear sky
296,Bethel,US,41.37,-73.41,46.76,61,0,7.0,clear sky
297,Vostok,RU,46.49,135.88,19.62,82,44,3.0,scattered clouds
298,Tazovskiy,RU,67.47,78.70,-12.64,87,100,7.81,overcast clouds
299,Kavieng,PG,-2.57,150.80,85.68,67,99,14.65,overcast clouds
300,Esperance,AU,-33.87,121.90,55.24,62,95,10.49,overcast clouds
301,Meulaboh,ID,4.14,96.13,74.26,93,100,2.39,overcast clouds
302,Usinsk,RU,65.99,57.53,10.47,95,100,6.96,light snow
303,Palaikastron,GR,35.20,26.25,62.22,73,2,14.09,clear sky
304,Ayan,RU,56.45,138.17,23.09,55,6,5.73,clear sky
305,Wilmington,US,34.23,-77.94,53.91,58,0,9.22,clear sky
306,Port Hardy,CA,50.70,-127.42,42.98,87,75,2.3,broken clouds
307,Mahajanga,MG,-15.72,46.32,77.02,88,40,0.0,thunderstorm
308,Rosetta,EG,31.40,30.42,69.96,57,0,11.97,clear sky
309,Lorengau,PG,-2.02,147.27,81.46,80,100,8.23,overcast clouds
310,Ankara,TR,39.92,32.85,44.31,73,0,0.0,clear sky
311,Vanimo,PG,-2.67,141.30,82.42,83,98,0.72,overcast clouds
312,Nacala,MZ,-14.54,40.67,75.43,87,34,7.16,scattered clouds
313,Ambilobe,MG,-13.20,49.05,71.49,85,0,3.49,clear sky
314,Los Lunas,US,34.81,-106.73,58.46,36,3,4.0,clear sky
315,Kapuskasing,CA,49.42,-82.43,26.6,86,100,14.97,overcast clouds
316,San Luis,AR,-33.30,-66.34,59.56,46,3,7.81,clear sky
317,Nabire,ID,-3.37,135.48,77.45,91,100,2.1,light rain
318,Laramie,US,41.31,-105.59,27.55,43,100,14.97,overcast clouds
319,Mafinga,TZ,-7.25,35.07,72.59,54,43,1.54,scattered clouds
320,Lucapa,AO,-8.42,20.74,65.52,98,100,2.8,light rain
321,Benguela,AO,-12.58,13.41,72.45,72,7,3.06,clear sky
322,Aksay,RU,47.26,39.87,50.25,67,95,17.0,overcast clouds
323,Vershino-Darasunskiy,RU,52.35,115.52,3.74,97,36,3.04,scattered clouds
324,Arman,RU,59.70,150.17,7.92,95,95,8.21,light snow
325,Kismayo,SO,-0.36,42.55,76.48,87,65,7.14,moderate rain
326,Fairbanks,US,64.84,-147.72,28.4,81,0,8.05,clear sky
327,Ostrovnoy,RU,68.05,39.51,30.54,87,100,13.42,overcast clouds
328,Zhiryatino,RU,53.22,33.73,39.52,65,83,14.61,broken clouds
329,Ketou,BJ,7.36,2.60,75.24,88,68,3.31,broken clouds
330,Komsomolskiy,UZ,40.43,71.72,34.52,93,100,2.3,fog
331,Broken Hill,AU,-31.95,141.43,62.38,60,89,26.62,overcast clouds
332,Voi,KE,-3.39,38.56,71.28,88,82,3.31,light rain
333,Choix,MX,26.71,-108.32,76.59,42,0,6.85,clear sky
334,Chimbote,PE,-9.09,-78.58,64.31,82,73,7.99,broken clouds
335,Vardo,NO,70.37,31.11,30.18,80,75,11.5,broken clouds
336,Eston,CA,51.15,-108.75,15.17,97,83,5.41,broken clouds
337,Batsfjord,NO,70.63,29.72,33.58,80,100,6.91,overcast clouds
338,Coro,VE,11.40,-69.67,78.66,86,96,10.29,overcast clouds
339,Warwick,US,41.70,-71.42,47.44,72,20,13.8,few clouds
340,Hattiesburg,US,31.33,-89.29,44.53,78,0,3.44,clear sky
341,Lompoc,US,34.64,-120.46,66.34,72,0,14.97,clear sky
342,Bontang,ID,0.13,117.50,79.74,81,100,3.47,overcast clouds
343,Revda,RU,56.80,59.93,26.62,95,100,14.32,light snow
344,Uporovo,RU,56.31,66.27,33.64,99,100,10.27,light snow
345,Saskylakh,RU,71.92,114.08,-6.5,94,100,11.79,overcast clouds
346,Camacha,PT,33.08,-16.33,62.02,88,20,2.3,few clouds
347,Atar,MR,20.52,-13.05,77.92,12,3,8.3,clear sky
348,Riyadh,SA,24.69,46.72,69.94,47,0,6.35,clear sky
349,Non Thai,TH,15.20,102.04,78.98,89,96,5.48,overcast clouds
350,Mount Isa,AU,-20.73,139.50,80.37,69,100,8.05,overcast clouds
351,Tiksi,RU,71.69,128.87,-9.09,98,100,8.57,overcast clouds
352,Necochea,AR,-38.55,-58.74,60.28,98,100,8.68,moderate rain
353,Adre,TD,13.47,22.20,67.96,26,0,10.65,clear sky
354,Guiratinga,BR,-16.35,-53.76,76.46,59,77,2.33,broken clouds
355,Asau,RO,46.43,26.40,42.28,74,5,2.06,clear sky
356,Alto Parana,BR,-23.13,-52.32,73.18,72,51,5.93,heavy intensity rain
357,Bandundu,CD,-3.32,17.37,70.75,98,100,1.52,moderate rain
358,Adrar,MR,20.50,-10.07,72.05,16,9,10.2,clear sky
359,Dakar,SN,14.69,-17.44,78.93,83,0,4.61,clear sky
360,Broome,US,42.25,-75.83,35.6,83,40,10.36,scattered clouds
361,Wellington,NZ,-41.29,174.78,62.91,68,44,18.41,scattered clouds
362,Champerico,GT,14.30,-91.92,82.94,78,25,5.77,scattered clouds
363,Mahibadhoo,MV,3.78,72.97,80.71,76,100,13.22,moderate rain
364,Isabela,PH,6.71,121.97,86.05,76,93,6.31,overcast clouds
365,Miajadas,ES,39.15,-5.91,56.75,74,79,2.64,broken clouds
366,Alta Floresta,BR,-9.88,-56.09,81.59,53,86,0.49,overcast clouds
367,Moose Jaw,CA,50.40,-105.53,14.27,92,100,6.91,mist
368,Harper,LR,4.38,-7.72,77.68,88,58,8.14,moderate rain
369,Monroe,US,43.15,-77.68,36.01,92,100,8.05,light snow
370,Butembo,CD,0.15,29.28,57.31,97,100,1.1,overcast clouds
371,Sawtell,AU,-30.38,153.10,85.19,61,85,13.8,overcast clouds
372,Baiyin,CN,36.56,104.21,36.0,45,100,2.93,overcast clouds
373,Havelock,US,34.88,-76.90,55.92,74,0,12.66,clear sky
374,Praya,CV,14.92,-23.51,75.74,73,20,16.11,few clouds
375,Aklavik,CA,68.22,-135.01,1.47,93,38,2.77,scattered clouds
376,Ust-Ilimsk,RU,58.00,102.66,29.5,97,100,6.85,snow
377,Biankouma,CI,7.74,-7.61,69.12,97,85,2.01,light rain
378,Severomorsk,RU,69.07,33.42,27.0,96,40,8.25,scattered clouds
379,Taxisco,GT,14.07,-90.46,79.88,92,55,1.01,broken clouds
380,Hohhot,CN,40.81,111.65,19.69,93,0,4.47,clear sky
381,Olkhovka,RU,53.21,60.61,34.43,98,100,7.52,overcast clouds
382,Mananjary,MG,-21.22,48.33,70.86,91,32,2.62,light rain
383,Khuzhir,RU,53.19,107.34,31.6,68,72,11.12,broken clouds
384,Sorkjosen,NO,69.80,20.93,35.6,80,100,4.61,light rain
385,Qui Nhon,VN,13.77,109.23,76.15,90,77,7.14,broken clouds
386,Cidreira,BR,-30.18,-50.21,68.29,95,100,21.7,overcast clouds
387,Soe,ID,-9.86,124.28,75.97,72,100,2.86,overcast clouds
388,Cabedelo,BR,-6.98,-34.83,79.47,81,14,8.7,few clouds
389,Smoky Lake,CA,54.12,-112.47,28.56,80,83,4.61,broken clouds
390,Isfana,KG,39.84,69.53,28.96,59,4,6.26,clear sky
391,Palauig,PH,15.44,119.90,83.64,71,70,3.27,broken clouds
392,Perivolion,GR,39.42,20.01,67.55,70,65,10.09,broken clouds
393,Manyana,BW,-23.40,21.72,65.73,34,0,10.25,clear sky
394,Katangli,RU,51.71,143.23,25.48,73,100,4.43,overcast clouds
395,Capusu Mare,RO,46.78,23.30,32.13,55,16,2.26,few clouds
396,Chaoyang,CN,41.57,120.46,35.1,53,3,4.97,clear sky
397,Chumikan,RU,54.72,135.31,12.33,87,17,17.43,few clouds
398,Velsk,RU,61.07,42.10,27.79,65,66,11.43,broken clouds
399,Siuna,NI,13.73,-84.78,72.37,98,47,3.96,scattered clouds
400,Canjulao,PH,9.66,124.35,81.27,80,99,12.12,overcast clouds
401,Hambantota,LK,6.12,81.12,76.32,87,100,2.35,overcast clouds
402,San Francisco,US,37.77,-122.42,63.0,54,20,17.27,few clouds
403,Changde,CN,29.05,111.68,50.0,62,95,4.92,overcast clouds
404,Kandi,BJ,11.13,2.94,74.37,30,1,4.12,clear sky
405,Karratha,AU,-20.74,116.85,81.05,46,0,9.01,light rain
406,Plettenberg Bay,ZA,-34.05,23.37,56.7,78,0,4.47,clear sky
407,Kaeo,NZ,-35.10,173.78,71.33,66,1,5.21,clear sky
408,Zaysan,KZ,47.47,84.87,30.33,54,48,1.81,scattered clouds
409,Taksimo,RU,56.34,114.88,4.28,92,95,0.43,overcast clouds
410,Khani,GE,41.96,42.96,40.57,86,91,2.53,overcast clouds
411,Sola,VU,-13.88,167.55,81.27,83,100,0.0,overcast clouds
412,Kongolo,CD,-5.38,27.00,65.64,97,84,0.92,broken clouds
413,Raudeberg,NO,61.99,5.14,51.87,53,27,8.39,scattered clouds
414,Katiola,CI,8.13,-5.10,77.63,88,87,2.21,moderate rain
415,Iturama,BR,-19.73,-50.20,79.79,53,89,5.7,overcast clouds
416,Naze,JP,28.37,129.48,67.12,72,80,14.25,broken clouds
417,Halvad,IN,23.02,71.18,71.92,41,1,5.41,clear sky
418,Alexandria,EG,31.22,29.96,70.32,57,0,10.2,clear sky
419,Nizhnyaya Tavda,RU,57.67,66.17,32.4,98,100,10.13,snow
420,Pidhaytsi,UA,49.27,25.13,40.51,95,96,3.53,overcast clouds
421,Los Algarrobos,PA,8.50,-82.43,73.81,100,75,1.14,moderate rain
422,Lata,PT,40.16,-8.33,60.93,97,98,5.12,overcast clouds
423,Wageningen,NL,51.97,5.67,43.95,88,3,8.05,mist
424,Valparaiso,CL,-33.04,-71.63,62.24,63,0,5.75,clear sky
425,Takab,IR,36.40,47.11,36.27,67,0,2.24,clear sky
426,Tchollire,CM,8.40,14.17,72.36,44,5,1.68,clear sky
427,Oytal,KZ,42.91,73.27,39.29,50,58,5.86,broken clouds
428,Kunnamangalam,IN,11.30,75.88,75.83,95,100,3.62,overcast clouds
429,Sinegorye,RU,62.08,150.48,-11.25,84,3,5.5,clear sky
430,Voh,NC,-20.97,164.70,83.37,60,4,8.3,clear sky
431,Chake Chake,TZ,-5.25,39.77,75.49,82,23,5.06,few clouds
432,Kirakira,SB,-10.45,161.92,84.96,65,96,6.69,overcast clouds
433,Fallon,US,39.47,-118.78,41.45,56,0,9.22,clear sky
434,Amudat,UG,1.95,34.95,72.09,60,98,0.83,overcast clouds
435,Kaffrine,SN,14.11,-15.55,80.62,27,100,6.69,overcast clouds
436,Cabo San Lucas,MX,22.89,-109.91,79.9,64,42,1.01,scattered clouds
437,Uyuni,BO,-20.46,-66.83,46.98,13,0,13.87,clear sky
438,Tasiilaq,GL,65.61,-37.64,39.36,92,100,38.32,moderate rain
439,Kargasok,RU,59.06,80.86,15.37,96,83,5.84,broken clouds
440,Jalu,LY,29.03,21.55,62.58,42,68,6.64,broken clouds
441,Nanortalik,GL,60.14,-45.24,34.3,79,92,10.36,overcast clouds
442,Kadirli,TR,37.37,36.10,59.18,36,0,5.93,clear sky
443,Santiago Del Estero,AR,-27.80,-64.26,71.02,49,1,7.74,clear sky
444,Fairfax,US,38.85,-77.35,43.43,51,75,13.8,broken clouds
445,Roald,NO,62.58,6.13,53.76,93,71,5.75,broken clouds
446,Nome,US,64.50,-165.41,21.27,63,0,3.44,clear sky
447,Mildura,AU,-34.20,142.15,64.08,78,93,22.35,overcast clouds
448,Buraydah,SA,26.33,43.98,68.45,60,0,9.04,clear sky
449,Tarauaca,BR,-8.16,-70.77,78.64,78,88,2.04,overcast clouds
450,Soderhamn,SE,61.30,17.06,43.68,83,88,5.12,overcast clouds
451,Julio De Castilhos,BR,-29.23,-53.68,63.12,96,90,4.74,overcast clouds
452,Amga,RU,60.90,131.96,3.43,98,100,1.34,overcast clouds
453,Coolum Beach,AU,-26.53,153.10,80.33,72,77,11.45,broken clouds
454,Marystown,CA,47.17,-55.15,38.86,100,100,3.0,overcast clouds
455,Nara,JP,34.69,135.80,60.69,46,8,11.52,clear sky
456,Palana,RU,59.12,159.97,16.5,83,63,10.92,broken clouds
457,Gusinoye Ozero,RU,51.11,106.26,6.46,95,71,1.77,broken clouds
458,Sion,CH,46.23,7.36,50.22,81,0,4.61,clear sky
459,Omachi,JP,36.50,137.87,47.43,76,90,4.36,overcast clouds
460,Mandali,IQ,33.75,45.55,65.97,34,0,6.8,clear sky
461,Dhuburi,IN,26.03,89.97,64.15,89,0,8.21,clear sky
462,Ponta Delgada,PT,37.73,-25.67,63.32,72,75,14.97,broken clouds
463,Romans-Sur-Isere,FR,45.05,5.06,56.55,86,56,9.64,broken clouds
464,Maputo,MZ,-25.97,32.59,68.67,80,90,16.26,overcast clouds
465,Merauke,ID,-8.47,140.33,84.85,69,81,9.71,broken clouds
466,Jardim,BR,-21.48,-56.14,77.7,72,64,2.1,heavy intensity rain
467,Kruisfontein,ZA,-34.00,24.73,51.89,81,0,5.91,clear sky
468,Beira,MZ,-19.84,34.84,80.69,74,20,3.76,few clouds
469,Byron Bay,AU,-28.65,153.62,80.56,62,85,17.07,overcast clouds
470,Tezu,IN,27.92,96.17,60.67,52,0,4.09,clear sky
471,Buala,SB,-8.14,159.59,85.42,62,93,4.14,overcast clouds
472,Port Elizabeth,ZA,-33.92,25.57,57.49,82,0,8.05,clear sky
473,Mandalgovi,MN,45.76,106.27,23.92,33,99,8.01,overcast clouds
474,Dunmore Town,BS,25.50,-76.65,80.29,68,38,8.12,scattered clouds
475,Charters Towers,AU,-20.10,146.27,85.33,43,88,5.93,overcast clouds
476,Prosvet,RU,55.57,65.08,35.24,99,100,9.15,light snow
477,Smithers,CA,54.78,-127.17,25.12,80,75,0.0,broken clouds
478,Dawson,US,31.77,-84.45,47.62,44,0,7.29,clear sky
479,Opuwo,NA,-18.06,13.84,62.11,36,2,2.24,clear sky
480,Sinnamary,GF,5.38,-52.95,78.17,87,85,11.21,overcast clouds
481,Lang Son,VN,21.83,106.73,71.01,82,91,2.21,overcast clouds
482,Ovalle,CL,-30.60,-71.20,68.52,40,0,4.09,clear sky
483,Marathon,US,44.90,-89.77,28.65,65,100,0.0,overcast clouds
484,Dubrovnik,HR,42.65,18.09,62.24,67,75,8.05,broken clouds
485,Bulgan,MN,48.81,103.53,15.84,77,4,5.03,clear sky
486,Isla Vista,US,34.41,-119.86,67.6,46,0,10.36,clear sky
487,Bam,IR,29.11,58.36,55.49,60,16,1.21,few clouds
488,Taganrog,RU,47.24,38.90,46.56,75,99,10.49,overcast clouds
489,Dovers,VC,12.88,-61.18,80.19,83,5,16.53,clear sky
490,Aranos,NA,-24.13,19.12,63.32,23,0,13.02,clear sky
491,La Ronge,CA,55.10,-105.28,17.85,86,100,10.36,light snow
492,Suratgarh,IN,29.32,73.90,70.38,31,51,6.93,broken clouds
493,Axim,GH,4.87,-2.24,77.34,89,84,5.79,broken clouds
494,Hit,IQ,33.64,42.83,64.09,40,0,7.14,clear sky
495,Banda Aceh,ID,5.56,95.32,76.06,89,100,3.58,overcast clouds
496,Aguimes,ES,27.91,-15.45,73.65,51,0,8.01,clear sky
497,Klaksvik,FO,62.23,-6.59,49.12,97,93,17.9,overcast clouds
498,Cavalcante,BR,-13.80,-47.46,74.95,66,75,1.59,broken clouds
499,Vaitape,PF,-16.52,-151.75,72.61,81,100,7.14,light rain
500,Marsabit,KE,2.33,37.99,67.19,70,82,7.49,broken clouds
501,Bolobo,CD,-2.17,16.23,70.97,98,89,0.78,moderate rain
502,High Level,CA,58.52,-117.14,37.51,70,0,8.05,clear sky
503,Suntar,RU,62.14,117.63,-28.57,100,10,2.19,clear sky
504,Baculin,PH,7.45,126.58,83.55,73,85,6.53,overcast clouds
505,Ketchikan,US,55.34,-131.65,46.87,93,100,9.22,overcast clouds
506,Marienburg,PL,54.04,19.03,52.84,73,100,6.42,overcast clouds
507,Portland,US,45.52,-122.68,47.64,76,75,3.44,broken clouds
508,Olonets,RU,60.98,32.97,30.4,86,8,3.58,clear sky
509,Mocuba,MZ,-16.84,36.99,74.44,84,57,3.53,broken clouds
510,Qax,AZ,41.42,46.92,46.11,52,26,3.13,scattered clouds
511,Isla Mujeres,MX,21.23,-86.73,78.85,72,0,10.33,clear sky
512,Gat,IL,31.61,34.76,71.4,67,23,5.06,few clouds
513,Sarkand,KZ,45.41,79.92,36.21,35,7,7.72,clear sky
514,Sorong,ID,-0.88,131.25,82.33,80,100,5.73,overcast clouds
515,Gushikawa,JP,26.35,127.87,74.79,71,40,13.8,scattered clouds
516,Along,IN,28.17,94.77,53.58,76,14,1.86,few clouds
517,Kendari,ID,-3.94,122.50,80.85,86,97,3.11,overcast clouds
518,Denpasar,ID,-8.65,115.22,80.26,88,40,4.61,scattered clouds
519,Santiago De Cao,PE,-7.96,-79.24,62.73,82,100,8.05,fog
520,Cayenne,GF,4.93,-52.33,78.84,89,75,2.3,broken clouds
521,Pishin,PK,30.58,67.00,48.45,80,62,8.19,broken clouds
522,West Bay,KY,19.37,-81.42,82.0,83,75,8.05,broken clouds
523,Tilichiki,RU,60.47,166.10,20.75,95,100,7.31,snow
524,Abapo,BO,-18.83,-63.47,74.66,64,36,4.9,scattered clouds
525,La Rioja,ES,42.25,-2.50,35.38,72,56,7.72,broken clouds
526,Belle Fourche,US,44.67,-103.85,27.5,91,100,10.11,overcast clouds
527,Murdochville,CA,48.96,-65.50,27.48,98,99,2.91,overcast clouds
528,Aasiaat,GL,68.71,-52.87,21.27,85,87,7.65,overcast clouds
529,Vao,NC,-22.67,167.48,74.07,80,46,14.65,scattered clouds
530,Mazagao,BR,-0.12,-51.29,82.45,83,90,4.99,overcast clouds
531,Nimaparha,IN,20.07,86.02,64.8,65,0,6.64,clear sky
532,Gallup,US,35.53,-108.74,46.24,32,100,17.27,overcast clouds
533,Shimoda,JP,34.67,138.95,62.96,67,68,20.49,broken clouds
534,Ryazanovskiy,RU,55.55,39.43,32.63,69,93,14.36,overcast clouds
535,Tanout,NE,14.97,8.89,71.17,24,1,10.22,clear sky
536,Xuddur,SO,4.12,43.89,71.46,83,3,10.36,clear sky
537,Zhigansk,RU,66.77,123.37,-30.46,100,98,2.57,overcast clouds
538,La Palma,US,33.85,-118.05,68.27,53,20,10.36,few clouds
539,Deputatskiy,RU,69.30,139.90,-23.57,97,100,4.43,overcast clouds
540,Vitim,RU,59.45,112.56,3.81,95,100,6.49,light snow
541,Bridlington,GB,54.08,-0.19,53.02,98,100,10.0,overcast clouds
542,Sao Miguel Do Araguaia,BR,-13.28,-50.16,78.62,59,37,4.72,scattered clouds
543,Saint Stephen,GB,50.33,-4.90,57.47,94,75,16.11,broken clouds
544,Homer,US,59.64,-151.55,36.77,88,100,5.75,light rain
545,Olafsvik,IS,64.89,-23.71,45.23,95,100,9.62,light rain
546,Ribeira Grande,PT,38.52,-28.70,66.78,87,100,18.01,overcast clouds
547,Tautira,PF,-17.73,-149.15,74.66,86,100,8.75,light rain
548,Pagudpud,PH,18.56,120.79,82.51,79,78,13.4,broken clouds
549,Rawson,AR,-43.30,-65.10,65.75,48,52,9.4,broken clouds
550,Bubaque,GW,11.28,-15.83,82.67,66,11,8.16,few clouds
551,Acapulco,MX,16.86,-99.89,82.22,74,40,8.05,scattered clouds
552,Puerto Colombia,CO,10.99,-74.95,78.89,77,100,5.03,overcast clouds
553,Angoram,PG,-4.06,144.07,79.5,93,99,3.31,overcast clouds
554,Pyapon,MM,16.28,95.68,70.38,87,28,7.18,scattered clouds
555,Paragominas,BR,-2.97,-47.48,73.26,96,87,3.51,overcast clouds
556,Nelson Bay,AU,-32.72,152.15,80.65,65,90,11.01,overcast clouds
557,Trofors,NO,65.53,13.41,33.67,83,100,2.24,overcast clouds
558,Brainerd,US,46.36,-94.20,26.85,54,100,3.44,overcast clouds
559,Champasak,LA,14.75,106.00,76.08,86,55,1.16,broken clouds
560,Rafai,CF,4.95,23.92,68.22,74,12,1.66,few clouds
561,Erdenet,MN,49.03,104.08,13.05,77,5,4.25,clear sky
562,Pinega,RU,64.70,43.39,25.93,89,37,8.72,scattered clouds
563,Sao Domingos,BR,-13.40,-46.32,77.05,60,80,4.54,broken clouds
564,Kashira,RU,54.84,38.17,35.89,67,95,18.28,overcast clouds
565,Nishihara,JP,26.18,127.76,74.86,74,40,17.27,scattered clouds
566,Megion,RU,61.03,76.11,23.02,94,100,11.45,overcast clouds
567,Richards Bay,ZA,-28.78,32.04,68.92,82,77,15.23,light rain
568,Labrea,BR,-7.26,-64.80,81.68,71,95,2.53,overcast clouds
569,Gayeri,BF,12.65,0.49,79.88,24,19,8.59,few clouds
570,Sovetskiy,RU,61.36,63.58,9.55,93,100,9.08,overcast clouds
571,Dicabisagan,PH,17.08,122.42,79.27,87,95,4.29,overcast clouds
572,Ayaviri,PE,-14.89,-70.59,49.8,8,22,7.09,few clouds
573,Talnakh,RU,69.49,88.40,-23.69,82,50,3.65,scattered clouds
574,Chirongui,YT,-12.93,45.15,78.73,80,0,2.93,clear sky
575,Morondava,MG,-20.28,44.28,78.89,75,49,2.55,scattered clouds
576,Tiarei,PF,-17.53,-149.33,78.82,78,100,7.36,light rain
577,Ahuimanu,US,21.44,-157.84,83.91,64,40,19.57,scattered clouds
578,Priboj,BA,44.60,18.93,42.64,81,20,2.37,few clouds
579,Tsabong,BW,-26.02,22.40,65.73,27,0,8.84,clear sky
580,Bloemhof,ZA,-27.65,25.61,61.52,31,1,6.02,clear sky
581,Kashi,CN,39.45,75.98,38.41,44,40,4.47,scattered clouds
582,Navalmoral De La Mata,ES,39.89,-5.54,58.96,77,55,1.92,broken clouds
583,Forio,IT,40.73,13.86,64.42,79,96,11.99,overcast clouds
584,Zyryanskoye,RU,56.83,86.63,32.85,98,100,9.75,light snow
585,Salinopolis,BR,-0.61,-47.36,79.25,84,100,11.21,overcast clouds
586,Alta,NO,69.97,23.27,31.26,88,75,1.14,broken clouds
587,Mbandaka,CD,0.05,18.26,70.74,97,100,3.56,overcast clouds
588,Katyuzhanka,UA,50.81,30.14,42.58,90,75,5.66,broken clouds
589,Palmer,US,42.16,-72.33,44.15,63,40,10.36,scattered clouds
590,Santa Barbara,US,34.73,-120.03,60.58,33,0,8.05,clear sky
591,Rorvik,NO,64.86,11.24,44.71,76,75,4.61,light rain
592,Kaseda,JP,31.42,130.32,65.77,68,78,7.85,broken clouds
593,Siloam Springs,US,36.19,-94.54,41.61,40,0,0.0,clear sky
594,Ust-Koksa,RU,50.27,85.61,18.16,86,100,1.12,overcast clouds
595,Norrkoping,SE,58.59,16.18,43.38,94,100,3.44,overcast clouds
596,Hanzhong,CN,33.07,107.03,45.16,91,96,2.84,overcast clouds
597,Vuktyl,RU,63.86,57.31,14.65,96,100,4.74,light snow
598,Ampanihy,MG,-24.70,44.75,71.31,77,0,3.22,clear sky
599,Mecca,SA,21.43,39.83,78.24,71,0,3.51,clear sky
600,Mikhaylovka,RU,50.06,43.24,41.7,69,65,21.27,broken clouds
601,Gersthofen,DE,48.42,10.88,40.6,95,100,4.61,overcast clouds
602,Redcar,GB,54.62,-1.06,53.78,68,99,1.99,overcast clouds
603,Waspan,NI,14.74,-83.97,73.24,97,56,4.23,broken clouds
604,Kigorobya,UG,1.62,31.31,66.88,86,99,1.7,overcast clouds
605,Qujing,CN,25.48,103.78,48.9,95,2,3.49,clear sky
606,Kamenka,RU,51.32,42.77,38.84,73,91,21.97,overcast clouds
607,Mayo,US,38.89,-76.51,46.08,55,0,10.36,clear sky
608,Svetlyy,RU,54.67,20.13,48.25,75,100,7.18,overcast clouds
609,Thaba-Tseka,LS,-29.52,28.61,45.91,84,9,3.65,clear sky
610,Mayumba,GA,-3.43,10.66,76.5,82,85,7.34,overcast clouds
611,Port Macquarie,AU,-31.43,152.92,80.89,59,99,11.1,overcast clouds
612,Cartagena Del Chaira,CO,1.33,-74.84,79.57,73,100,3.22,overcast clouds
613,Nunoa,PE,-14.48,-70.64,48.24,17,27,3.31,scattered clouds
614,Mardin,TR,37.31,40.74,48.92,41,0,3.56,clear sky
615,Areosa,PT,41.72,-8.86,58.64,84,98,10.38,overcast clouds
616,Kommunar,RU,59.62,30.39,34.45,90,73,4.32,broken clouds
617,Tocache,PE,-8.18,-76.51,74.71,90,89,0.65,overcast clouds
618,Quang Ngai,VN,15.12,108.80,77.02,87,81,4.25,broken clouds
619,Kabompo,ZM,-13.59,24.20,64.96,96,100,6.08,light rain
620,Makat,KZ,47.65,53.35,43.65,68,47,23.8,scattered clouds
621,Srikakulam,IN,18.30,83.90,67.84,80,1,6.46,clear sky
622,Muli,MV,2.92,73.57,79.56,80,100,18.72,moderate rain
623,Humpolec,CZ,49.54,15.36,44.98,85,0,18.81,clear sky
624,Bhagalpur,IN,25.25,87.00,60.93,51,0,4.54,clear sky
625,Boende,CD,-0.22,20.87,69.22,91,100,1.03,overcast clouds
626,Inhambane,MZ,-23.86,35.38,74.66,91,98,3.71,moderate rain
627,Bogorodskoye,RU,56.55,37.88,30.22,72,76,15.19,broken clouds
628,Strezhevoy,RU,60.73,77.59,19.47,94,100,7.96,overcast clouds
629,Pangnirtung,CA,66.15,-65.71,14.0,73,40,8.05,scattered clouds
630,Itarema,BR,-2.92,-39.92,79.65,81,13,16.49,few clouds
631,Ikungi,TZ,-5.13,34.77,68.16,64,99,2.59,light rain
632,Umm Lajj,SA,25.02,37.27,78.48,57,0,8.37,clear sky
633,Klyuchevskiy,RU,53.53,119.45,4.26,99,90,1.66,overcast clouds
634,Itaituba,BR,-4.28,-55.98,80.71,66,76,3.15,broken clouds
635,Sao Sebastiao,BR,-23.76,-45.41,71.35,92,44,6.31,scattered clouds
636,Jacareacanga,BR,-6.22,-57.75,85.69,52,48,1.48,scattered clouds
637,Samarai,PG,-10.62,150.67,83.71,73,89,9.42,overcast clouds
638,Maceio,BR,-9.67,-35.74,76.44,88,75,3.44,broken clouds
639,Kirando,TZ,-7.42,30.60,70.59,83,97,4.27,overcast clouds
640,Esmeraldas,BR,-19.76,-44.31,74.26,63,92,4.23,overcast clouds
641,El Retorno,CO,2.33,-72.63,73.69,98,100,2.21,overcast clouds
642,Canakkale,TR,40.08,26.83,43.38,92,31,5.3,scattered clouds
643,Zyryanka,RU,65.75,150.85,-26.75,95,31,6.98,scattered clouds
644,Hovd,MN,48.01,91.64,25.0,53,78,5.06,broken clouds
645,Mujiayingzi,CN,42.12,118.78,28.62,66,2,7.05,clear sky
646,Leninogorsk,RU,54.60,52.46,33.87,97,100,14.9,overcast clouds
647,Cap-Aux-Meules,CA,47.38,-61.86,42.85,93,75,18.41,light intensity shower rain
648,Igarka,RU,67.47,86.58,-17.14,86,1,7.23,clear sky
649,Aykhal,RU,66.00,111.50,-27.09,100,98,5.88,overcast clouds
650,Trinidad,BO,-14.83,-64.90,81.28,60,100,3.67,overcast clouds
651,Port Augusta,AU,-32.50,137.77,65.48,43,68,17.67,broken clouds
652,Aljezur,PT,37.32,-8.80,62.78,94,62,4.7,broken clouds
653,Boone,US,39.03,-92.33,36.45,54,99,6.98,overcast clouds
654,Barra Do Garcas,BR,-15.89,-52.26,78.39,60,70,3.24,broken clouds
655,Corbelia,BR,-24.80,-53.31,65.26,94,100,6.62,light rain
656,Svetlogorsk,BY,52.63,29.73,36.88,95,4,5.66,clear sky
657,Ritchie,ZA,-29.04,24.60,59.63,56,0,11.72,clear sky
658,Flin Flon,CA,54.77,-101.86,13.84,85,75,11.5,light snow
659,Otawara,JP,36.87,140.03,55.78,46,100,8.7,overcast clouds
660,Sechura,PE,-5.56,-80.82,63.28,81,15,15.37,few clouds
661,Glendive,US,47.11,-104.71,19.02,93,100,3.44,overcast clouds
662,Mackenzie,CA,55.30,-123.17,30.42,80,75,6.91,broken clouds
663,Umba,RU,66.69,34.34,28.02,91,20,3.22,few clouds
664,Saint-Louis,SN,16.33,-15.00,76.64,12,87,7.09,overcast clouds
665,Maxixe,MZ,-23.86,35.35,73.33,94,100,1.88,moderate rain
666,Vila,PT,42.03,-8.16,46.71,94,100,3.36,overcast clouds
667,Bambanglipuro,ID,-7.95,110.28,78.08,87,100,2.17,overcast clouds
668,Nur,PL,52.67,22.32,44.04,92,94,5.61,overcast clouds
669,Hudiksvall,SE,61.73,17.10,42.78,84,100,3.83,overcast clouds
670,College,US,64.86,-147.80,28.38,79,100,8.05,overcast clouds
671,Tabas,IR,33.60,56.92,50.18,53,0,1.83,clear sky
672,Laranjeiras Do Sul,BR,-25.41,-52.42,63.43,99,100,5.61,moderate rain
673,Ayr,GB,55.46,-4.63,53.58,76,20,9.22,few clouds
674,Thinadhoo,MV,0.53,72.93,81.84,73,100,14.85,overcast clouds
675,Garowe,SO,8.41,48.48,70.52,79,6,5.82,clear sky
676,Hofn,IS,64.25,-15.21,47.93,96,100,18.21,overcast clouds
677,Red Bluff,US,40.18,-122.24,63.28,25,0,8.05,clear sky
678,Acaponeta,MX,22.50,-105.36,69.67,90,24,1.14,few clouds
679,Waddan,LY,29.16,16.14,61.16,46,0,6.24,clear sky
680,Roma,US,43.21,-75.46,37.54,76,100,11.5,overcast clouds
681,Tura,IN,25.52,90.22,61.84,87,0,3.74,clear sky
682,Innisfail,AU,-17.53,146.03,83.39,59,5,6.69,clear sky
683,Bure,ET,10.70,37.07,53.46,90,6,4.45,clear sky
684,Shihezi,CN,44.30,86.03,32.94,53,0,4.41,clear sky
685,Kapustin Yar,RU,48.58,45.74,41.52,69,10,22.88,clear sky
686,San Rafael Del Sur,NI,11.85,-86.44,76.17,90,74,4.25,broken clouds
687,Whitianga,NZ,-36.83,175.70,67.33,67,28,6.38,scattered clouds
688,Terrace Bay,CA,48.78,-87.10,21.81,83,19,9.04,few clouds
689,Haverfordwest,GB,51.80,-4.97,58.05,92,100,5.01,overcast clouds
690,Kirensk,RU,57.79,108.11,26.08,97,100,3.94,light snow
691,Kushiro,JP,42.98,144.37,40.15,70,75,14.97,broken clouds
692,Aswan,EG,24.09,32.91,69.67,32,7,10.27,clear sky
693,Santa Fe,AR,-31.63,-60.70,67.01,82,15,5.99,few clouds
694,Dawson Creek,CA,55.77,-120.24,38.84,60,0,21.85,clear sky
695,Dabola,GN,10.75,-11.12,73.89,58,41,1.5,scattered clouds
696,Biltine,TD,14.53,20.92,72.03,23,1,8.01,clear sky
697,Christiana,ZA,-27.91,25.16,60.73,28,0,7.87,clear sky
698,Shakiso,ET,5.75,38.92,56.16,96,75,3.31,broken clouds
699,Barcelos,PT,41.54,-8.62,59.14,91,100,4.05,overcast clouds
